timestamp,cpu_usage,cpu_freq,ram_usage,temp
1777808497.2345333,0.2,2400.0,13.7,44.65
1777808498.235613,0.0,2400.0,13.7,46.3
1777808499.2362425,0.0,2400.0,13.7,45.2
1777808500.2368126,0.0,2400.0,13.7,46.3
1777808501.237364,0.2,2400.0,13.7,45.2
1777808502.2378957,0.0,1500.0,13.7,44.65
1777808503.2385912,0.0,1500.0,13.7,45.75
1777808504.2393725,0.0,1500.0,13.7,45.2
1777808505.2401311,0.0,1500.0,13.7,45.75
1777808506.2408898,0.0,1500.0,13.7,45.2
1777808507.2416008,0.0,1500.0,13.7,44.65
1777808508.2423072,0.0,1500.0,13.7,44.65
1777808509.2430518,0.0,1500.0,13.7,46.3
1777808510.243842,0.0,1500.0,13.7,44.65
1777808511.244586,0.2,1500.0,13.7,45.2
1777808512.2453132,0.0,1500.0,13.7,44.1
1777808513.2459881,0.0,1500.0,13.6,45.75
1777808514.2466943,0.0,1500.0,13.6,44.1
1777808515.2474585,0.0,1500.0,13.6,45.2
1777808516.2482314,0.0,1500.0,13.6,44.65
1777808517.2489815,0.0,1500.0,13.6,44.1
1777808518.2496884,0.0,1500.0,13.6,44.1
1777808519.2503827,0.0,1500.0,13.6,45.2
1777808520.2511017,0.0,1500.0,13.6,45.2
1777808521.2518113,0.3,1500.0,13.6,44.1
1777808522.2526023,0.0,1500.0,13.6,44.1
1777808523.2533634,0.0,1500.0,13.6,44.1
1777808524.254064,0.0,1500.0,13.6,44.1
1777808525.2547612,0.0,1500.0,13.6,45.2
1777808526.255502,0.0,1500.0,13.6,43.55
1777808527.2562296,0.0,1500.0,13.6,45.2
1777808528.2570114,0.0,1500.0,13.6,45.75
1777808529.25774,0.0,1500.0,13.6,44.1
1777808530.2584577,0.0,1500.0,13.6,44.1
1777808531.2591832,0.0,1500.0,13.6,45.75
1777808532.2598917,0.0,1500.0,13.6,44.1
1777808533.2605772,0.0,1500.0,13.6,45.2
1777808534.2613013,0.0,1500.0,13.6,44.1
1777808535.262014,0.0,1500.0,13.6,44.65
1777808536.2627058,0.0,1500.0,13.6,45.2
1777808537.2634122,0.0,1500.0,13.6,45.75
1777808538.2641304,0.0,1500.0,13.6,44.1
1777808539.2648394,0.0,1500.0,13.6,45.2
1777808540.2656298,0.2,1500.0,13.6,45.2
1777808541.26636,0.0,1500.0,13.6,44.65
1777808542.267082,0.0,1500.0,13.6,45.2
1777808543.2677817,0.0,1500.0,13.6,44.1
1777808544.2684715,0.0,1500.0,13.6,45.2
1777808545.2692058,0.0,1500.0,13.6,44.1
1777808546.26994,0.0,1500.0,13.6,45.75
1777808547.2715127,0.0,1500.0,13.6,44.65
1777808548.272226,0.0,1500.0,13.6,45.2
1777808549.2729473,0.2,1500.0,13.6,44.1
1777808550.273659,0.0,1500.0,13.6,44.65
1777808551.2743585,0.0,1500.0,13.6,44.65
1777808552.2760067,0.0,1500.0,13.6,45.2
1777808553.2767382,0.0,1500.0,13.6,45.2
1777808554.2774732,0.0,1500.0,13.6,44.1
1777808555.2782035,0.0,1500.0,13.6,44.65
1777808556.2789092,0.0,1500.0,13.6,45.2
1777808557.2796018,0.0,1500.0,13.6,44.65
1777808558.2803812,0.0,1500.0,13.6,44.1
1777808559.2811267,0.0,1500.0,13.6,44.65
1777808560.2818396,0.0,1500.0,13.6,44.1
1777808561.2825396,0.0,1500.0,13.6,44.65
1777808562.2832453,0.0,1500.0,13.6,44.1
1777808563.2839546,0.0,1500.0,13.6,45.2
1777808564.2847428,0.0,1500.0,13.6,45.75
1777808565.2854962,0.0,1500.0,13.6,45.2
1777808566.2862322,0.0,1500.0,13.6,45.2
1777808567.286963,0.0,1500.0,13.6,44.65
1777808568.2876709,0.0,1500.0,13.6,46.3
1777808569.2883725,0.0,1500.0,13.6,44.1
1777808570.2891772,0.0,1500.0,13.6,44.1
1777808571.289911,0.0,1500.0,13.6,44.1
1777808572.2906344,0.0,1500.0,13.6,45.75
1777808573.2913337,0.0,1500.0,13.6,44.1
1777808574.2920203,0.0,1500.0,13.6,44.65
1777808575.2927394,0.0,1500.0,13.6,44.65
1777808576.2935379,0.0,1500.0,13.6,45.2
1777808577.2942848,0.0,1500.0,13.6,45.2
1777808578.2950022,0.0,1500.0,13.6,44.65
1777808579.2957158,0.0,1500.0,13.6,44.65
1777808580.2964191,0.0,1500.0,13.6,45.2
1777808581.297138,0.0,1500.0,13.6,44.65
1777808582.2979643,0.0,1500.0,13.6,45.75
1777808583.2987282,0.0,1500.0,13.6,45.75
1777808584.2994454,0.0,1500.0,13.6,44.1
1777808585.300149,0.0,1500.0,13.6,44.1
1777808586.3008714,0.0,1500.0,13.6,44.65
1777808587.3028393,0.0,1500.0,13.6,44.65
1777808588.3035696,0.0,1500.0,13.6,45.2
1777808589.3042872,0.0,1500.0,13.6,44.1
1777808590.3050122,0.0,1500.0,13.6,45.75
1777808591.3057046,0.0,1500.0,13.6,44.1
1777808592.3072784,0.0,1500.0,13.6,44.1
1777808593.3079853,0.0,1500.0,13.6,44.65
1777808594.3086965,0.0,1500.0,13.6,45.75
1777808595.3094187,0.0,1500.0,13.6,45.75
1777808596.310121,0.0,1500.0,13.6,45.2
1777808597.310827,0.0,1500.0,13.6,44.1
1777808598.3115366,0.0,1500.0,13.6,44.65
1777808599.3122303,0.0,1500.0,13.6,44.65
1777808600.3130352,0.0,1500.0,13.6,44.65
1777808601.3137705,0.0,1500.0,13.6,44.65
1777808602.3144817,0.0,1500.0,13.6,45.75
1777808603.3151846,0.0,1500.0,13.6,45.75
1777808604.315929,0.0,1500.0,13.6,45.2
1777808605.31666,0.3,1500.0,13.6,44.65
1777808606.317461,0.0,1500.0,13.6,44.65
1777808607.3182478,0.0,1500.0,13.6,45.2
1777808608.3189738,0.0,1500.0,13.6,45.2
1777808609.3196926,0.0,1500.0,13.6,44.65
1777808610.320441,0.0,1500.0,13.6,45.2
1777808611.321176,0.0,1500.0,13.6,44.65
1777808612.3219583,0.0,1500.0,13.6,46.3
1777808613.3226943,0.0,1500.0,13.6,45.75
1777808614.323435,0.2,1500.0,13.6,45.75
1777808615.3241963,0.0,1500.0,13.6,44.65
1777808616.3249557,0.0,1500.0,13.6,45.2
1777808617.325657,0.0,1500.0,13.6,45.2
1777808618.326428,0.0,1500.0,13.6,44.65
1777808619.3271582,0.0,1500.0,13.6,44.65
1777808620.3278947,0.0,1500.0,13.6,45.75
1777808621.328612,0.0,1500.0,13.6,44.1
1777808622.3293653,0.0,1500.0,13.6,45.2
1777808623.330076,0.0,1500.0,13.6,45.2
1777808624.3308432,0.0,1500.0,13.6,44.65
1777808625.3316023,0.0,1500.0,13.6,44.65
1777808626.3323424,0.0,1500.0,13.6,45.75
1777808627.3330948,0.0,1500.0,13.6,44.1
1777808628.33382,0.0,1500.0,13.6,46.3
1777808629.334556,0.0,1500.0,13.6,44.65
1777808630.3353434,0.0,1500.0,13.6,44.65
1777808631.3360868,0.0,1500.0,13.6,44.65
1777808632.3368049,0.0,1500.0,13.6,45.2
1777808633.3375423,0.0,1500.0,13.6,45.2
1777808634.3382592,0.0,1500.0,13.6,45.2
1777808635.3389997,0.0,1500.0,13.6,45.2
1777808636.339778,0.0,1500.0,13.6,45.2
1777808637.3405297,0.0,1500.0,13.6,44.65
1777808638.3412788,0.0,1500.0,13.6,44.65
1777808639.3420181,0.0,1500.0,13.6,44.65
1777808640.3427463,0.0,1500.0,13.6,44.65
1777808641.3434541,0.0,1500.0,13.6,44.65
1777808642.344277,0.0,1500.0,13.6,44.65
1777808643.345046,0.0,1500.0,13.6,45.75
1777808644.345767,0.0,1500.0,13.6,44.65
1777808645.346495,0.0,1500.0,13.6,44.65
1777808646.347243,0.0,1500.0,13.6,45.75
1777808647.3479826,0.0,1500.0,13.6,44.65
1777808648.3487518,0.2,1500.0,13.6,46.3
1777808649.3494895,0.0,1500.0,13.6,45.2
1777808650.3502166,0.0,1500.0,13.6,46.3
1777808651.3509583,0.0,1500.0,13.6,46.3
1777808652.3516917,0.0,1500.0,13.6,45.75
1777808653.3524005,0.0,1500.0,13.6,45.2
1777808654.35314,0.0,1500.0,13.6,46.3
1777808655.3538654,0.0,1500.0,13.6,45.2
1777808656.355476,0.0,1500.0,13.6,44.65
1777808657.3561897,0.0,1500.0,13.6,45.75
1777808658.3569033,0.0,1500.0,13.6,44.65
1777808659.3576086,0.0,1500.0,13.6,45.75
1777808660.3584018,0.0,1500.0,13.6,45.2
1777808661.3591702,0.0,1500.0,13.6,46.3
1777808662.3599162,0.0,1500.0,13.6,45.2
1777808663.3606312,0.0,1500.0,13.6,46.3
1777808664.36138,0.0,1500.0,13.6,44.65
1777808665.3621068,0.0,1500.0,13.6,45.2
1777808666.3628943,0.0,1500.0,13.6,46.3
1777808667.3636618,0.0,1500.0,13.6,44.65
1777808668.3644211,0.2,1500.0,13.6,46.85
1777808669.365168,0.0,1500.0,13.6,44.65
1777808670.365896,0.0,1500.0,13.6,45.75
1777808671.3666024,0.0,1500.0,13.6,46.3
1777808672.3673797,0.0,1500.0,13.6,45.2
1777808673.369021,0.0,1500.0,13.6,46.3
1777808674.3697882,0.2,1500.0,13.5,45.2
1777808675.3705547,0.0,1500.0,13.5,45.75
1777808676.3712816,0.0,1500.0,13.5,44.65
1777808677.3719866,0.0,1500.0,13.5,45.75
1777808678.372757,0.0,1500.0,13.5,46.3
1777808679.3735166,0.0,1500.0,13.5,46.3
1777808680.374245,0.0,1500.0,13.5,45.2
1777808681.374952,0.0,1500.0,13.5,46.3
1777808682.3756533,0.0,1500.0,13.5,46.3
1777808683.3763454,0.0,1500.0,13.5,45.2
1777808684.3771467,0.0,1500.0,13.5,45.2
1777808685.377885,0.0,1500.0,13.5,45.75
1777808686.3786082,0.0,1500.0,13.5,46.3
1777808687.3793154,0.0,1500.0,13.5,44.65
1777808688.3800159,0.0,1500.0,13.5,45.2
1777808689.3807225,0.2,1500.0,13.5,45.75
1777808690.3814695,0.0,1500.0,13.5,44.65
1777808691.3821933,0.0,1500.0,13.5,45.75
1777808692.3829045,0.0,1500.0,13.5,44.65
1777808693.383603,0.0,1500.0,13.5,45.2
1777808694.3842976,0.0,1500.0,13.5,45.2
1777808695.385027,0.0,1500.0,13.6,45.75
1777808696.3858209,0.0,1500.0,13.6,46.3
1777808697.38655,0.0,1500.0,13.6,46.3
1777808698.3872733,0.0,1500.0,13.6,46.3
1777808699.3879788,0.7,1500.0,14.1,45.75
1777808700.3887835,0.0,1500.0,14.1,45.75
1777808701.3894963,0.3,1500.0,14.0,45.75
1777808702.3902845,0.0,1500.0,14.0,46.3
1777808703.3910086,0.0,1500.0,13.9,44.65
1777808704.3916514,0.0,1500.0,13.9,45.75
1777808705.3923445,0.0,1500.0,13.9,46.3
1777808706.3930469,0.0,1500.0,13.9,46.3
1777808707.3936868,0.0,1500.0,13.8,45.75
1777808708.394396,0.0,1500.0,13.8,45.2
1777808709.395064,0.0,1500.0,13.7,46.3
1777808710.395728,0.0,1500.0,13.7,45.2
1777808711.396353,0.0,1500.0,13.7,45.2
1777808712.3969738,0.0,1500.0,13.7,45.2
1777808713.3975873,0.0,1500.0,13.7,46.3
1777808714.3983114,0.0,1500.0,13.6,45.2
1777808715.3990366,0.0,1500.0,13.6,46.3
1777808716.3996758,0.0,1500.0,13.6,45.2
1777808717.400284,0.0,1500.0,13.6,46.3
1777808718.4009426,0.0,1500.0,13.6,45.2
1777808719.4015713,0.0,1500.0,13.6,46.3
1777808720.4023564,0.0,1500.0,13.6,46.3
1777808721.40311,0.0,1500.0,13.5,45.2
1777808722.4037879,0.0,1500.0,13.5,45.2
1777808723.4044127,0.0,1500.0,13.5,45.2
1777808724.405046,0.0,1500.0,13.5,46.3
1777808725.4057453,0.0,1500.0,13.5,45.75
1777808726.406433,0.0,1500.0,13.5,46.3
1777808727.407068,0.0,1500.0,13.5,46.85
1777808728.4076765,0.0,1500.0,13.5,46.85
1777808729.408277,0.0,1500.0,13.5,46.3
1777808730.4089592,0.0,1500.0,13.5,45.75
1777808731.4095974,0.0,1500.0,13.5,45.2
1777808732.4102795,0.0,1500.0,13.5,45.2
1777808733.4109445,0.0,1500.0,13.5,46.85
1777808734.411606,0.2,1500.0,13.5,45.2
1777808735.4123092,0.0,1500.0,13.5,46.3
1777808736.412974,0.0,1500.0,13.5,44.65
1777808737.413624,0.0,1500.0,13.5,45.2
1777808738.4143395,0.0,1500.0,13.5,45.75
1777808739.4149911,0.0,1500.0,13.5,45.2
1777808740.4156418,0.0,1500.0,13.5,45.2
1777808741.4162786,0.0,1500.0,13.5,46.85
1777808742.4169466,0.0,1500.0,13.5,45.75
1777808743.4175968,0.0,1500.0,13.4,45.2
1777808744.4182794,0.0,1500.0,13.4,45.2
1777808745.4189963,0.0,1500.0,13.4,45.2
1777808746.4196804,0.0,1500.0,13.4,45.2
1777808747.4203155,0.0,1500.0,13.4,45.2
1777808748.420935,0.0,1500.0,13.4,46.85
1777808749.421575,0.0,1500.0,13.4,46.85
1777808750.4222484,0.0,1500.0,13.4,46.3
1777808751.4229345,0.0,1500.0,13.4,46.3
1777808752.4235609,0.0,1500.0,13.4,46.3
1777808753.4241707,0.0,1500.0,13.4,44.65
1777808754.4248173,0.5,1500.0,13.4,45.2
1777808755.4255328,0.0,1500.0,13.4,46.3
1777808756.4262133,0.0,1500.0,13.4,45.75
1777808757.4268715,0.0,1500.0,13.4,45.75
1777808758.4275212,0.0,1500.0,13.4,45.2
1777808759.428146,0.0,1500.0,13.4,45.2
1777808760.4288046,0.2,1500.0,13.4,44.65
1777808761.4294631,0.2,1500.0,13.4,45.2
1777808762.4302273,0.0,1500.0,13.4,46.85
1777808763.430909,0.0,1500.0,13.4,46.3
1777808764.431544,0.0,1500.0,13.4,45.75
1777808765.4322114,0.0,1500.0,13.4,45.75
1777808766.4329143,0.0,1500.0,13.4,47.4
1777808767.4335876,0.0,1500.0,13.4,46.85
1777808768.4342778,0.0,1500.0,13.4,45.2
1777808769.4349318,0.0,1500.0,13.4,46.3
1777808770.435587,0.0,1500.0,13.4,45.75
1777808771.436212,0.0,1500.0,13.4,45.2
1777808772.4368327,0.0,1500.0,13.4,46.3
1777808773.437495,0.2,1500.0,13.4,46.85
1777808774.4381685,0.0,1500.0,13.4,46.85
1777808775.4388678,0.0,1500.0,13.4,46.3
1777808776.439491,0.0,1500.0,13.4,45.2
1777808777.440118,0.0,1500.0,13.4,45.2
1777808778.4407785,0.0,1500.0,13.4,46.3
1777808779.441451,0.0,1500.0,13.4,45.75
1777808780.4421372,0.0,1500.0,13.4,46.3
1777808781.442807,0.0,1500.0,13.4,46.85
1777808782.4434578,0.0,1500.0,13.4,45.2
1777808783.444085,0.0,1500.0,13.4,45.75
1777808784.4447188,0.2,1500.0,13.4,46.85
1777808785.4454296,0.0,1500.0,13.4,45.2
1777808786.4461586,0.0,1500.0,13.4,46.85
1777808787.4468348,0.0,1500.0,13.4,46.85
1777808788.447452,0.0,1500.0,13.4,45.2
1777808789.4480507,0.0,1500.0,13.4,45.75
1777808790.448699,0.0,1500.0,13.4,46.3
1777808791.449357,0.0,1500.0,13.4,45.2
1777808792.4499996,0.0,1500.0,13.4,46.85
1777808793.45066,0.0,1500.0,13.4,45.2
1777808794.4513497,1.0,1500.0,13.8,46.85
1777808795.4521968,0.2,1500.0,13.8,45.2
1777808796.4529233,0.0,1500.0,13.8,46.85
1777808797.453602,22.1,2400.0,15.6,48.5
1777808798.4542704,1.2,2400.0,15.6,47.4
1777808799.4549186,0.3,2400.0,15.6,47.4
1777808800.4555423,0.0,2400.0,15.5,47.95
1777808801.4560938,0.0,2400.0,15.3,47.4
1777808802.4566116,0.0,1500.0,15.2,47.95
1777808803.4572973,8.0,2400.0,15.2,49.05
1777808804.4579523,50.0,2400.0,15.1,50.7
1777808805.4585571,50.2,2400.0,15.1,50.15
1777808806.459156,50.0,2400.0,15.0,52.35
1777808807.459729,50.0,2400.0,14.9,52.35
1777808808.4602664,50.0,2400.0,14.9,52.9
1777808809.4618328,50.0,2400.0,14.8,52.9
1777808810.462443,50.1,2400.0,14.7,54.0
1777808811.4630036,49.9,2400.0,14.7,53.45
1777808812.4635348,50.1,2400.0,14.6,55.65
1777808813.4640503,49.9,2400.0,14.5,54.55
1777808814.4646113,50.3,2400.0,14.5,55.1
1777808815.4651723,50.0,2400.0,14.5,54.55
1777808816.46573,50.0,2400.0,14.5,56.2
1777808817.466257,50.0,2400.0,14.4,55.65
1777808818.4667978,50.1,2400.0,14.4,56.2
1777808819.467345,50.0,2400.0,14.4,56.75
1777808820.4678721,50.0,2400.0,14.4,56.75
1777808821.4683874,50.4,2400.0,14.4,57.3
1777808822.469028,50.0,2400.0,14.4,55.65
1777808823.469606,50.0,2400.0,14.4,57.85
1777808824.4701552,50.0,2400.0,14.3,56.2
1777808825.4706829,50.0,2400.0,14.3,58.4
1777808826.4712272,50.1,2400.0,14.3,56.75
1777808827.4718013,50.0,2400.0,14.3,57.85
1777808828.4724042,50.1,2400.0,14.3,57.3
1777808829.473904,50.0,2400.0,14.2,57.85
1777808830.4744596,50.0,2400.0,14.2,56.75
1777808831.4749947,50.0,2400.0,14.2,58.95
1777808832.4755068,50.0,2400.0,14.2,58.4
1777808833.476043,50.0,2400.0,14.2,58.4
1777808834.4766355,50.0,2400.0,14.2,58.4
1777808835.4772072,50.0,2400.0,14.2,58.95
1777808836.4777296,50.0,2400.0,14.1,59.5
1777808837.4782681,50.0,2400.0,14.1,59.5
1777808838.478793,49.9,2400.0,14.1,59.5
1777808839.4806,50.1,2400.0,14.1,59.5
1777808840.481157,50.1,2400.0,14.1,58.4
1777808841.4816704,50.0,2400.0,14.1,59.5
1777808842.4821737,50.0,2400.0,14.1,58.4
1777808843.4827175,50.1,2400.0,14.1,60.05
1777808844.4841485,49.7,2400.0,14.1,58.95
1777808845.484669,50.1,2400.0,14.1,58.4
1777808846.4852238,50.0,2400.0,14.1,59.5
1777808847.4857414,50.1,2400.0,14.1,60.05
1777808848.4862607,50.0,2400.0,14.1,57.85
1777808849.487714,49.9,2400.0,14.1,59.5
1777808850.4882293,50.1,2400.0,14.1,59.5
1777808851.4887729,50.0,2400.0,14.1,60.05
1777808852.489341,50.0,2400.0,14.1,60.6
1777808853.4898825,50.1,2400.0,14.1,58.95
1777808854.4904366,50.1,2400.0,14.1,60.6
1777808855.4909782,49.9,2400.0,14.1,59.5
1777808856.4915063,50.0,2400.0,14.1,61.15
1777808857.4920385,50.0,2400.0,14.1,60.05
1777808858.492613,50.1,2400.0,14.1,61.15
1777808859.4945092,50.5,2400.0,14.1,60.6
1777808860.4951413,50.0,2400.0,14.1,60.05
1777808861.495702,50.0,2400.0,14.1,61.7
1777808862.4962265,50.0,2400.0,14.1,60.6
1777808863.496741,40.2,2400.0,14.1,57.85
1777808864.4982631,0.0,2400.0,14.1,57.3
1777808865.4988253,0.0,2400.0,14.1,57.85
1777808866.499368,0.2,2400.0,14.1,56.2
1777808867.4999187,0.0,2400.0,14.1,57.3
1777808868.5004423,0.0,1500.0,14.1,55.65
1777808869.5020897,0.0,1500.0,14.1,54.55
1777808870.5028367,0.0,1500.0,14.1,55.1
1777808871.503553,0.0,1500.0,14.1,53.45
1777808872.5042548,0.0,1500.0,14.1,54.55
1777808873.504991,0.0,1500.0,14.1,54.55
1777808874.5057175,0.0,1500.0,14.1,53.45
1777808875.5064635,0.0,1500.0,14.1,53.45
1777808876.507232,0.0,1500.0,14.1,53.45
1777808877.5079575,0.0,1500.0,14.1,51.8
1777808878.508683,0.2,1500.0,14.1,51.8
1777808879.5094032,0.0,1500.0,14.1,51.8
1777808880.5101311,0.0,1500.0,14.1,51.8
1777808881.5108593,0.0,1500.0,14.1,52.9
1777808882.5116813,0.0,1500.0,14.1,51.25
1777808883.5124326,0.0,1500.0,14.1,50.7
1777808884.513161,0.0,1500.0,14.1,51.8
1777808885.513892,0.0,1500.0,14.1,51.25
1777808886.5146403,0.0,1500.0,13.8,51.25
1777808887.5154514,0.0,1500.0,13.8,50.7
1777808888.5162413,0.0,1500.0,13.8,50.7
1777808889.5170307,0.2,1600.0,13.7,50.7
1777808890.5178356,0.3,1600.0,13.7,50.15
1777808891.5206187,0.0,1500.0,13.7,50.15
1777808892.521388,0.0,1500.0,13.7,50.7
1777808893.5221453,0.0,1500.0,13.7,50.15
1777808894.5229163,0.0,1500.0,13.7,49.6
1777808895.5236547,0.0,1500.0,13.7,49.6
1777808896.5243907,0.0,1500.0,13.7,51.25
1777808897.5251272,0.0,1500.0,13.6,50.7
1777808898.5258565,0.0,1500.0,13.6,50.15
1777808899.5265656,0.0,1500.0,13.7,50.7
1777808900.5273128,0.0,1500.0,13.7,49.05
1777808901.5280228,0.0,1500.0,13.6,50.15
1777808902.5287452,0.0,1500.0,13.6,50.7
1777808903.5294607,0.0,1500.0,13.6,49.6
1777808904.530178,0.0,1500.0,13.6,50.7
1777808905.5308838,0.0,1500.0,13.6,50.7
1777808906.5316145,0.0,1500.0,13.6,49.05
1777808907.5323448,0.0,1500.0,13.6,50.7
1777808908.5330675,0.0,1500.0,13.6,50.7
1777808909.5337923,0.0,1500.0,13.6,49.05
1777808910.534504,0.0,1500.0,13.6,47.95
1777808911.5352144,0.0,1500.0,13.6,50.15
1777808912.5359654,0.0,1500.0,13.6,50.7
1777808913.5366807,0.2,1500.0,13.6,48.5
1777808914.5374155,0.0,1500.0,13.6,50.15
1777808915.538136,0.0,1500.0,13.6,49.6
1777808916.5388331,0.0,1500.0,13.6,47.95
1777808917.5395265,0.0,1500.0,13.6,48.5
1777808918.5402806,0.0,1500.0,13.6,50.7
1777808919.5410554,0.0,1500.0,13.6,48.5
1777808920.541863,0.5,1600.0,13.6,48.5
1777808921.5426793,0.5,1500.0,13.6,49.05
1777808922.5435224,0.3,1500.0,13.7,49.6
1777808923.544348,0.3,1500.0,13.7,49.6
1777808924.5451667,0.5,1500.0,13.7,49.6
1777808925.5459788,0.0,1500.0,13.7,49.05
1777808926.546766,0.3,1500.0,13.7,50.15
1777808927.5475366,0.2,1500.0,13.7,48.5
1777808928.5483048,0.0,1500.0,13.6,48.5
1777808929.5490866,0.2,1500.0,13.6,49.05
1777808930.5498514,0.0,1500.0,13.6,47.95
1777808931.5506253,0.0,1500.0,13.6,49.6
1777808932.5513778,0.0,1500.0,13.7,49.6
1777808933.552193,0.0,1500.0,13.7,49.6
1777808934.5529819,0.3,1500.0,13.7,48.5
1777808935.553739,0.0,1500.0,13.7,48.5
1777808936.5545287,0.0,1500.0,13.7,49.05
1777808937.5553706,0.0,1500.0,13.7,49.6
1777808938.556146,0.3,1500.0,13.7,49.05
1777808939.5569015,0.0,1500.0,13.7,47.4
1777808940.557639,0.0,1500.0,13.7,49.05
1777808941.5583563,0.0,1500.0,13.7,48.5
1777808942.5592108,0.0,1500.0,13.7,49.05
1777808943.5599675,0.0,1500.0,13.7,47.95
1777808944.5606825,0.0,1500.0,13.6,47.95
1777808945.561423,0.0,1500.0,13.6,48.5
1777808946.5621376,0.0,1500.0,13.6,47.95
1777808947.5641735,0.0,1500.0,13.6,48.5
1777808948.5648966,0.0,1500.0,13.6,47.95
1777808949.5655925,0.0,1500.0,13.6,49.05
1777808950.5662868,0.0,1500.0,13.6,47.95
1777808951.5670362,0.0,1500.0,13.6,49.05
1777808952.5677774,0.0,1500.0,13.6,48.5
1777808953.5684998,0.0,1500.0,13.6,47.95
1777808954.5692616,0.0,1500.0,13.6,48.5
1777808955.5699866,0.0,1500.0,13.6,47.4
1777808956.570685,0.0,1500.0,13.6,47.4
1777808957.5713813,0.0,1500.0,13.6,47.95
1777808958.5720987,0.0,1500.0,13.6,46.85
1777808959.5728178,0.2,1500.0,13.6,47.4
1777808960.5735803,0.0,1500.0,13.6,47.4
1777808961.5742965,0.0,1500.0,13.6,49.05
1777808962.5749953,0.0,1500.0,13.6,49.05
1777808963.5756814,0.0,1500.0,13.6,46.85
1777808964.5773332,0.0,1500.0,13.6,49.05
1777808965.5780468,0.0,1500.0,13.6,49.05
1777808966.5788496,0.0,1500.0,13.6,47.4
1777808967.5795958,0.0,1500.0,13.6,47.4
1777808968.5803025,0.0,1500.0,13.6,48.5
1777808969.5810142,0.0,1500.0,13.6,47.95
1777808970.5817277,0.0,1500.0,13.6,47.4
1777808971.5824268,0.0,1500.0,13.6,47.95
1777808972.5831988,0.0,1500.0,13.6,47.4
1777808973.5839188,0.0,1500.0,13.6,47.4
1777808974.5846395,0.0,1500.0,13.6,48.5
1777808975.5867412,0.0,1500.0,13.6,47.4
1777808976.5874736,0.0,1500.0,13.6,47.4
1777808977.588193,0.0,1500.0,13.6,47.4
1777808978.5889554,0.0,1500.0,13.6,47.4
1777808979.589675,0.0,1500.0,13.6,47.4
1777808980.5904,0.0,1500.0,13.6,48.5
1777808981.5911245,0.0,1500.0,13.6,46.85
1777808982.5918224,0.0,1500.0,13.6,46.85
1777808983.5925205,0.0,1500.0,13.6,47.4
1777808984.5932598,0.0,1500.0,13.6,47.4
1777808985.5939732,0.0,1500.0,13.6,47.95
1777808986.595658,0.0,1500.0,13.6,46.85
1777808987.5963738,0.0,1500.0,13.6,48.5
1777808988.5970798,0.0,1500.0,13.6,46.85
1777808989.597767,0.0,1500.0,13.6,48.5
1777808990.5984948,0.0,1500.0,13.6,48.5
1777808991.5992415,0.0,1500.0,13.6,47.95
1777808992.5999513,0.0,1500.0,13.6,48.5
1777808993.600657,0.0,1500.0,13.6,46.85
1777808994.601372,0.0,1500.0,13.6,48.5
1777808995.602072,0.0,1500.0,13.6,46.85
1777808996.6027973,11.0,2400.0,13.9,47.95
1777808997.6053617,50.0,2400.0,13.9,51.8
1777808998.605918,50.0,2400.0,14.0,52.9
1777808999.6064396,50.1,2400.0,13.9,52.9
1777809000.6069558,50.0,2400.0,13.9,52.9
1777809001.6074622,50.0,2400.0,13.9,53.45
1777809002.6080716,50.0,2400.0,13.8,54.0
1777809003.6085966,50.0,2400.0,13.8,55.65
1777809004.609128,50.0,2400.0,13.8,54.55
1777809005.6096258,50.0,2400.0,13.8,55.1
1777809006.6101305,50.1,2400.0,13.8,56.75
1777809007.6106358,50.0,2400.0,13.8,55.65
1777809008.6112053,49.9,2400.0,13.7,55.1
1777809009.6117327,50.2,2400.0,13.7,56.75
1777809010.6122506,50.0,2400.0,13.7,56.2
1777809011.6127574,50.1,2400.0,13.7,56.75
1777809012.613257,50.0,2400.0,13.7,56.75
1777809013.613751,50.0,2400.0,13.7,57.3
1777809014.6143186,50.1,2400.0,13.7,57.85
1777809015.6148653,50.0,2400.0,13.7,57.85
1777809016.6153755,50.0,2400.0,13.7,57.3
1777809017.615868,50.0,2400.0,13.7,58.4
1777809018.61637,50.0,2400.0,13.6,57.85
1777809019.6168823,50.0,2400.0,13.6,59.5
1777809020.6174471,50.1,2400.0,13.6,58.95
1777809021.6179845,50.0,2400.0,13.6,58.95
1777809022.6184971,50.0,2400.0,13.6,58.95
1777809023.6190119,50.0,2400.0,13.6,59.5
1777809024.619533,50.0,2400.0,13.6,60.05
1777809025.620033,50.0,2400.0,13.6,57.85
1777809026.620613,49.9,2400.0,13.6,58.4
1777809027.621179,50.0,2400.0,13.6,59.5
1777809028.6216934,50.0,2400.0,13.6,59.5
1777809029.622188,50.1,2400.0,13.6,60.05
1777809030.622699,50.0,2400.0,13.6,60.05
1777809031.6232028,50.1,2400.0,13.6,58.95
1777809032.6237648,50.1,2400.0,13.6,59.5
1777809033.6242948,50.0,2400.0,13.6,59.5
1777809034.6248212,50.2,2400.0,13.6,59.5
1777809035.6253476,50.0,2400.0,13.6,59.5
1777809036.6258602,50.0,2400.0,13.6,60.05
1777809037.6263642,50.0,2400.0,13.6,60.6
1777809038.6269414,50.1,2400.0,13.6,61.15
1777809039.6274867,50.1,2400.0,13.6,59.5
1777809040.628007,50.0,2400.0,13.6,61.15
1777809041.6285236,50.0,2400.0,13.6,60.6
1777809042.6290412,50.0,2400.0,13.6,61.15
1777809043.6295485,50.0,2400.0,13.6,61.7
1777809044.6301193,49.9,2400.0,13.6,61.15
1777809045.630666,50.0,2400.0,13.6,60.05
1777809046.631186,50.1,2400.0,13.6,61.7
1777809047.63169,50.0,2400.0,13.6,60.05
1777809048.6321933,50.0,2400.0,13.6,60.05
1777809049.632689,50.1,2400.0,13.6,60.05
1777809050.6332695,50.2,2400.0,13.6,61.7
1777809051.6338186,50.0,2400.0,13.6,62.8
1777809052.6343367,50.0,2400.0,13.6,61.7
1777809053.6348305,50.0,2400.0,13.6,61.7
1777809054.6353216,50.1,2400.0,13.6,62.25
1777809055.6358247,50.0,2400.0,13.6,62.25
1777809056.636398,37.8,2400.0,13.7,61.15
1777809057.6369781,0.0,2400.0,13.7,58.95
1777809058.637511,0.0,2400.0,13.7,57.85
1777809059.6380262,0.0,2400.0,13.7,58.95
1777809060.6385584,0.0,2400.0,13.7,56.75
1777809061.6390772,25.3,2400.0,13.7,58.4
1777809062.6462333,100.0,2400.0,13.7,61.15
1777809063.646817,100.0,2400.0,13.8,62.25
1777809064.6473377,100.0,2400.0,13.8,63.9
1777809065.6478682,100.0,2400.0,13.8,63.9
1777809066.6483915,100.0,2400.0,13.8,64.45
1777809067.6499126,100.0,2400.0,13.8,65.55
1777809068.650507,100.0,2400.0,13.8,66.1
1777809069.6510513,100.0,2400.0,13.7,67.2
1777809070.651573,100.0,2400.0,13.7,66.1
1777809071.6520848,100.0,2400.0,13.7,66.65
1777809072.6535888,100.0,2400.0,13.7,66.65
1777809073.654107,100.0,2400.0,13.7,67.2
1777809074.6546257,100.0,2400.0,13.7,67.75
1777809075.655156,100.0,2400.0,13.7,69.4
1777809076.6556697,100.0,2400.0,13.7,69.4
1777809077.6571643,100.0,2400.0,13.7,69.95
1777809078.657682,100.0,2400.0,13.7,69.95
1777809079.6581933,100.0,2400.0,13.7,69.4
1777809080.6587687,100.0,2400.0,13.7,69.4
1777809081.659301,100.0,2400.0,13.7,68.85
1777809082.6611865,100.0,2400.0,13.7,70.5
1777809083.6617131,100.0,2400.0,13.6,71.6
1777809084.66221,100.0,2400.0,13.6,69.4
1777809085.6627085,100.0,2400.0,13.6,70.5
1777809086.663276,100.0,2400.0,13.6,71.6
1777809087.6648026,100.0,2400.0,13.6,71.6
1777809088.6653352,100.0,2400.0,13.6,70.5
1777809089.6658378,100.0,2400.0,13.6,71.05
1777809090.6663496,100.0,2400.0,13.6,72.15
1777809091.6668534,100.0,2400.0,13.6,72.15
1777809092.667495,100.0,2400.0,13.6,71.05
1777809093.6680703,100.0,2400.0,13.6,72.7
1777809094.6685984,100.0,2400.0,13.6,72.15
1777809095.6691403,100.0,2400.0,13.6,72.7
1777809096.6696513,100.0,2400.0,13.6,72.15
1777809097.6701481,100.0,2400.0,13.6,72.7
1777809098.670776,100.0,2400.0,13.6,71.6
1777809099.6713235,100.0,2400.0,13.6,71.6
1777809100.6718311,100.0,2400.0,13.6,72.7
1777809101.6723254,100.0,2400.0,13.6,73.25
1777809102.672817,100.0,2400.0,13.6,73.25
1777809103.6733127,100.0,2400.0,13.6,73.8
1777809104.6769063,100.0,2400.0,13.6,73.25
1777809105.6774652,100.0,2400.0,13.6,73.8
1777809106.6779826,100.0,2400.0,13.6,73.25
1777809107.6784902,100.0,2400.0,13.6,72.15
1777809108.6789892,100.0,2400.0,13.6,73.25
1777809109.6794813,100.0,2400.0,13.6,72.7
1777809110.6801147,100.0,2400.0,13.6,72.7
1777809111.6806707,100.0,2400.0,13.6,73.8
1777809112.681186,100.0,2400.0,13.6,74.35
1777809113.681679,100.0,2400.0,13.8,74.35
1777809114.6822915,100.0,2400.0,13.9,74.35
1777809115.6828556,100.0,2400.0,13.9,73.8
1777809116.6849198,100.0,2400.0,13.9,74.35
1777809117.6854784,100.0,2400.0,13.8,72.7
1777809118.685995,100.0,2400.0,13.8,74.35
1777809119.6865053,100.0,2400.0,13.8,73.25
1777809120.687017,100.0,2400.0,13.7,74.9
1777809121.6885269,100.0,2400.0,13.7,74.35
1777809122.6891475,100.0,2400.0,13.7,73.25
1777809123.6897016,100.0,2400.0,13.7,74.9
1777809124.690228,100.0,2400.0,13.7,73.8
1777809125.6907415,100.0,2400.0,13.7,75.45
1777809126.7041736,100.0,2400.0,13.7,75.45
1777809127.704695,100.0,2400.0,13.7,75.45
1777809128.705265,100.0,2400.0,13.7,73.8
1777809129.7057858,100.0,2400.0,13.7,73.8
1777809130.706289,100.0,2400.0,13.7,75.45
1777809131.7101026,100.0,2400.0,13.7,76.0
1777809132.7106318,100.0,2400.0,13.6,75.45
1777809133.711132,100.0,2400.0,13.7,75.45
1777809134.7116952,100.0,2400.0,13.7,74.35
1777809135.7122219,100.0,2400.0,13.7,76.0
1777809136.713594,100.0,2400.0,13.7,74.35
1777809137.7141032,100.0,2400.0,13.6,75.45
1777809138.7146132,100.0,2400.0,13.8,75.45
1777809139.7152271,100.0,2400.0,14.0,74.9
1777809140.7158453,100.0,2400.0,14.0,74.35
1777809141.7172782,100.0,2400.0,13.9,75.45
1777809142.7178202,100.0,2400.0,13.9,76.0
1777809143.7183282,100.0,2400.0,13.9,75.45
1777809144.7188451,100.0,2400.0,13.9,76.55
1777809145.7193656,100.0,2400.0,13.8,76.0
1777809146.7211576,100.0,2400.0,13.8,77.1
1777809147.7217038,100.0,2400.0,13.8,76.55
1777809148.7222085,100.0,2400.0,13.7,76.55
1777809149.722711,100.0,2400.0,13.7,75.45
1777809150.723219,100.0,2400.0,13.7,77.1
1777809151.729722,100.0,2400.0,13.7,75.45
1777809152.7303183,100.0,2400.0,13.7,75.45
1777809153.7308486,100.0,2400.0,13.7,75.45
1777809154.7313793,100.0,2400.0,13.7,76.55
1777809155.7318974,100.0,2400.0,13.7,76.0
1777809156.7332678,100.0,2400.0,13.7,77.1
1777809157.733781,100.0,2400.0,13.7,74.9
1777809158.7343588,100.0,2400.0,13.7,77.1
1777809159.7348926,100.0,2400.0,13.7,76.55
1777809160.735408,100.0,2400.0,13.7,77.1
1777809161.7367883,100.0,2400.0,13.7,76.55
1777809162.7373178,100.0,2400.0,13.7,76.0
1777809163.737825,100.0,2400.0,13.7,77.1
1777809164.7383947,100.0,2400.0,13.7,77.1
1777809165.7389274,100.0,2400.0,13.7,77.1
1777809166.7406976,100.0,2400.0,13.6,76.0
1777809167.7412207,100.0,2400.0,13.6,77.1
1777809168.7417197,100.0,2400.0,13.6,77.1
1777809169.742226,100.0,2400.0,13.6,77.1
1777809170.742738,100.0,2400.0,13.6,77.1
1777809171.7441149,100.0,2400.0,13.6,75.45
1777809172.7446423,100.0,2400.0,13.6,77.1
1777809173.74515,100.0,2400.0,13.6,77.65
1777809174.7456446,100.0,2400.0,13.6,77.1
1777809175.746137,100.0,2400.0,13.6,77.1
1777809176.74758,100.0,2400.0,13.6,76.0
1777809177.7481196,100.0,2400.0,13.6,77.1
1777809178.7486353,100.0,2400.0,13.6,76.55
1777809179.7491553,100.0,2400.0,13.6,76.55
1777809180.7496552,100.0,2400.0,13.6,77.65
1777809181.751034,64.0,2400.0,13.7,75.45
1777809182.7516496,0.2,2400.0,13.7,72.15
1777809183.7522006,0.0,2400.0,13.7,71.05
1777809184.7527208,0.0,2400.0,13.6,70.5
1777809185.753249,0.0,2400.0,13.6,69.4
1777809186.7538202,0.2,2400.0,13.6,67.2
1777809187.7544196,0.0,1500.0,13.6,65.55
1777809188.7551734,0.0,1500.0,13.6,66.1
1777809189.7559216,0.0,1500.0,13.6,64.45
1777809190.756653,0.2,1500.0,13.6,64.45
1777809191.7573898,0.0,1500.0,13.6,63.9
1777809192.758105,0.0,1500.0,13.6,63.35
1777809193.7588382,0.0,1500.0,13.6,63.35
1777809194.7596192,0.0,1500.0,13.6,62.8
1777809195.7603598,0.0,1500.0,13.6,62.8
1777809196.7610903,0.0,1500.0,13.6,60.6
1777809197.7617846,0.0,1500.0,13.6,60.05
1777809198.7625062,0.0,1500.0,13.6,59.5
1777809199.7632322,0.0,1500.0,13.6,60.05
1777809200.7639472,0.0,1500.0,13.6,60.6
1777809201.764656,0.2,1500.0,13.6,60.05
1777809202.765378,0.0,1500.0,13.6,58.95
1777809203.7660692,0.0,1500.0,13.6,58.95
1777809204.766759,0.0,1500.0,13.6,60.05
1777809205.7674575,0.0,1500.0,13.6,57.85
1777809206.7682297,0.0,1500.0,13.6,58.95
1777809207.768996,0.0,1500.0,13.6,57.85
1777809208.7697077,0.0,1500.0,13.6,58.4
1777809209.770405,0.0,1500.0,13.6,56.75
1777809210.771116,0.0,1500.0,13.6,57.85
1777809211.7718413,0.0,1500.0,13.6,57.85
1777809212.7726095,0.0,1500.0,13.6,57.85
1777809213.7733543,0.0,1500.0,13.6,55.65
1777809214.77407,0.0,1500.0,13.6,56.75
1777809215.7747762,0.0,1500.0,13.6,56.2
1777809216.7763436,0.0,1500.0,13.6,56.75
1777809217.777074,0.0,1500.0,13.6,55.65
1777809218.7778318,0.2,1500.0,13.6,55.1
1777809219.7785652,0.0,1500.0,13.6,55.65
1777809220.7792835,0.0,1500.0,13.6,55.65
1777809221.7800026,0.0,1500.0,13.6,56.2
1777809222.7807229,0.2,1500.0,13.6,56.75
1777809223.7814243,0.0,1500.0,13.6,55.1
1777809224.7821887,0.0,1500.0,13.6,56.2
1777809225.7829168,0.0,1500.0,13.6,56.2
1777809226.7836356,0.0,1500.0,13.6,54.55
1777809227.7843428,0.0,1500.0,13.6,56.2
1777809228.7850616,0.0,1500.0,13.6,54.0
1777809229.7857587,0.0,1500.0,13.6,55.1
1777809230.7865334,0.2,1500.0,13.6,55.65
1777809231.7872822,0.0,1500.0,13.6,54.0
1777809232.788032,0.0,1500.0,13.6,54.0
1777809233.7887611,0.2,1500.0,13.6,54.0
1777809234.7894974,0.0,1500.0,13.6,55.65
1777809235.7901971,0.0,1500.0,13.6,55.1
1777809236.7909899,0.0,1500.0,13.6,55.1
1777809237.7917225,0.0,1500.0,13.6,55.1
1777809238.7924373,0.0,1500.0,13.6,54.55
1777809239.7931583,0.0,1500.0,13.6,54.55
1777809240.7938683,0.0,1500.0,13.6,54.55
1777809241.7945564,0.2,1500.0,13.6,52.9
1777809242.7953508,0.0,1500.0,13.6,54.55
1777809243.796101,0.0,1500.0,13.6,54.55
1777809244.7968085,0.2,1500.0,13.6,52.35
1777809245.7975218,0.0,1500.0,13.6,54.0
1777809246.7982333,0.0,1500.0,13.6,53.45
1777809247.7989962,0.0,1500.0,13.6,53.45
1777809248.7998018,0.0,1500.0,13.6,52.9
1777809249.8005483,0.0,1500.0,13.5,52.35
1777809250.801282,0.0,1500.0,13.5,52.35
1777809251.802,0.0,1500.0,13.6,51.8
1777809252.8027234,0.0,1500.0,13.5,52.9
